id	name	category	keyword_1	keyword_2	lifted	lift_failure_id	lifted_at	created_at	updated_at
1	webgl_test_memory.html	webgl	test	memory	0	0	NULL	2018-02-14 18:16:02	2018-02-14 18:16:02
2	webgl_materials_normalmap.html	webgl	materials	normalmap	0	0	NULL	2018-02-14 18:16:02	2018-02-14 18:16:02
3	canvas_geometry_hierarchy.html	canvas	geometry	hierarchy	0	0	NULL	2018-02-14 18:16:02	2018-02-14 18:16:02
4	webgl_marchingcubes.html	webgl	marchingcubes	NULL	0	0	NULL	2018-02-14 18:16:02	2018-02-14 18:16:02
5	webgl_camera_array.html	webgl	camera	array	0	0	NULL	2018-02-14 18:16:02	2018-02-14 18:16:02
6	webgl_sandbox.html	webgl	sandbox	NULL	0	0	NULL	2018-02-14 18:16:02	2018-02-14 18:16:02
7	canvas_interactive_particles.html	canvas	interactive	particles	0	0	NULL	2018-02-14 18:16:02	2018-02-14 18:16:02
8	webgl_buffergeometry_custom_attributes_particles.html	webgl	buffergeometry	custom	0	0	NULL	2018-02-14 18:16:02	2018-02-14 18:16:02
9	webgl_physics_convex_break.html	webgl	physics	convex	0	0	NULL	2018-02-14 18:16:02	2018-02-14 18:16:02
10	webgl_geometry_extrude_splines.html	webgl	geometry	extrude	0	0	NULL	2018-02-14 18:16:02	2018-02-14 18:16:02
11	svg_sandbox.html	svg	sandbox	NULL	0	0	NULL	2018-02-14 18:16:02	2018-02-14 18:16:02
12	webgl_materials_wireframe.html	webgl	materials	wireframe	0	0	NULL	2018-02-14 18:16:02	2018-02-14 18:16:02
13	css3d_panorama.html	css3d	panorama	NULL	0	0	NULL	2018-02-14 18:16:02	2018-02-14 18:16:02
14	webgl_materials_cars.html	webgl	materials	cars	0	0	NULL	2018-02-14 18:16:02	2018-02-14 18:16:02
15	webgl_geometries.html	webgl	geometries	NULL	0	0	NULL	2018-02-14 18:16:02	2018-02-14 18:16:02
16	webgl_loader_collada_skinning.html	webgl	loader	collada	0	0	NULL	2018-02-14 18:16:02	2018-02-14 18:16:02
17	webgl_performance_static.html	webgl	performance	static	0	0	NULL	2018-02-14 18:16:02	2018-02-14 18:16:02
18	webgl_materials_video.html	webgl	materials	video	0	0	NULL	2018-02-14 18:16:02	2018-02-14 18:16:02
19	webgl_loader_gltf_extensions.html	webgl	loader	gltf	0	0	NULL	2018-02-14 18:16:02	2018-02-14 18:16:02
20	webvr_panorama.html	webvr	panorama	NULL	0	0	NULL	2018-02-14 18:16:02	2018-02-14 18:16:02
21	misc_controls_orbit.html	misc	controls	orbit	0	0	NULL	2018-02-14 18:16:02	2018-02-14 18:16:02
22	webgl_physics_rope.html	webgl	physics	rope	0	0	NULL	2018-02-14 18:16:02	2018-02-14 18:16:02
23	webgl_buffergeometry_instancing_billboards.html	webgl	buffergeometry	instancing	0	0	NULL	2018-02-14 18:16:02	2018-02-14 18:16:02
24	webgl_geometry_terrain_fog.html	webgl	geometry	terrain	0	0	NULL	2018-02-14 18:16:02	2018-02-14 18:16:02
25	webgl_interactive_cubes_ortho.html	webgl	interactive	cubes	0	0	NULL	2018-02-14 18:16:02	2018-02-14 18:16:02
26	canvas_interactive_voxelpainter.html	canvas	interactive	voxelpainter	0	0	NULL	2018-02-14 18:16:02	2018-02-14 18:16:02
27	webgl_loader_texture_ktx.html	webgl	loader	texture	0	0	NULL	2018-02-14 18:16:02	2018-02-14 18:16:02
28	webgl_buffergeometry_instancing.html	webgl	buffergeometry	instancing	0	0	NULL	2018-02-14 18:16:02	2018-02-14 18:16:02
29	webgl_postprocessing_ssaa.html	webgl	postprocessing	ssaa	0	0	NULL	2018-02-14 18:16:02	2018-02-14 18:16:02
30	webgl_materials_envmaps.html	webgl	materials	envmaps	0	0	NULL	2018-02-14 18:16:02	2018-02-14 18:16:02
31	webgl_loader_md2.html	webgl	loader	md2	0	0	NULL	2018-02-14 18:16:02	2018-02-14 18:16:02
32	misc_exporter_obj.html	misc	exporter	obj	0	0	NULL	2018-02-14 18:16:02	2018-02-14 18:16:02
33	canvas_materials.html	canvas	materials	NULL	0	0	NULL	2018-02-14 18:16:02	2018-02-14 18:16:02
34	webgl_loader_babylon.html	webgl	loader	babylon	0	0	NULL	2018-02-14 18:16:02	2018-02-14 18:16:02
35	canvas_performance.html	canvas	performance	NULL	0	0	NULL	2018-02-14 18:16:02	2018-02-14 18:16:02
36	webgl_postprocessing_nodes.html	webgl	postprocessing	nodes	0	0	NULL	2018-02-14 18:16:02	2018-02-14 18:16:02
37	webgl_multiple_elements_text.html	webgl	multiple	elements	0	0	NULL	2018-02-14 18:16:02	2018-02-14 18:16:02
38	webgl_materials_blending.html	webgl	materials	blending	0	0	NULL	2018-02-14 18:16:02	2018-02-14 18:16:02
39	webgl_loader_texture_exr.html	webgl	loader	texture	0	0	NULL	2018-02-14 18:16:02	2018-02-14 18:16:02
40	webgl_loader_obj2.html	webgl	loader	obj2	0	0	NULL	2018-02-14 18:16:02	2018-02-14 18:16:02
41	webgl_loader_bvh.html	webgl	loader	bvh	0	0	NULL	2018-02-14 18:16:02	2018-02-14 18:16:02
42	webgl_loader_mmd.html	webgl	loader	mmd	0	0	NULL	2018-02-14 18:16:02	2018-02-14 18:16:02
43	webvr_daydream.html	webvr	daydream	NULL	0	0	NULL	2018-02-14 18:16:02	2018-02-14 18:16:02
44	canvas_geometry_shapes.html	canvas	geometry	shapes	0	0	NULL	2018-02-14 18:16:02	2018-02-14 18:16:02
45	webgl_loader_utf8.html	webgl	loader	utf8	0	0	NULL	2018-02-14 18:16:02	2018-02-14 18:16:02
46	webgl_buffergeometry_instancing_interleaved_dynamic.html	webgl	buffergeometry	instancing	0	0	NULL	2018-02-14 18:16:02	2018-02-14 18:16:02
47	webgl_postprocessing_unreal_bloom.html	webgl	postprocessing	unreal	0	0	NULL	2018-02-14 18:16:02	2018-02-14 18:16:02
48	canvas_interactive_cubes.html	canvas	interactive	cubes	0	0	NULL	2018-02-14 18:16:02	2018-02-14 18:16:02
49	webaudio_sandbox.html	webaudio	sandbox	NULL	0	0	NULL	2018-02-14 18:16:02	2018-02-14 18:16:02
50	misc_lookat.html	misc	lookat	NULL	0	0	NULL	2018-02-14 18:16:02	2018-02-14 18:16:02
51	webgl_points_dynamic.html	webgl	points	dynamic	0	0	NULL	2018-02-14 18:16:02	2018-02-14 18:16:02
52	canvas_lines_sphere.html	canvas	lines	sphere	0	0	NULL	2018-02-14 18:16:02	2018-02-14 18:16:02
53	webvr_vive_paint.html	webvr	vive	paint	0	0	NULL	2018-02-14 18:16:02	2018-02-14 18:16:02
54	webgl_clipping_advanced.html	webgl	clipping	advanced	0	0	NULL	2018-02-14 18:16:02	2018-02-14 18:16:02
55	webgl_loader_sea3d_skinning.html	webgl	loader	sea3d	0	0	NULL	2018-02-14 18:16:02	2018-02-14 18:16:02
56	webgl_buffergeometry.html	webgl	buffergeometry	NULL	0	0	NULL	2018-02-14 18:16:02	2018-02-14 18:16:02
57	webvr_gearvr.html	webvr	gearvr	NULL	0	0	NULL	2018-02-14 18:16:02	2018-02-14 18:16:02
58	webgl_panorama_dualfisheye.html	webgl	panorama	dualfisheye	0	0	NULL	2018-02-14 18:16:02	2018-02-14 18:16:02
59	misc_fps.html	misc	fps	NULL	0	0	NULL	2018-02-14 18:16:02	2018-02-14 18:16:02
60	webgl_multiple_elements.html	webgl	multiple	elements	0	0	NULL	2018-02-14 18:16:02	2018-02-14 18:16:02
61	webgl_postprocessing_dof.html	webgl	postprocessing	dof	0	0	NULL	2018-02-14 18:16:02	2018-02-14 18:16:02
62	webgl_raycast_texture.html	webgl	raycast	texture	0	0	NULL	2018-02-14 18:16:02	2018-02-14 18:16:02
63	webgl_lines_colors.html	webgl	lines	colors	0	0	NULL	2018-02-14 18:16:02	2018-02-14 18:16:02
64	webgl_loader_ctm_materials.html	webgl	loader	ctm	0	0	NULL	2018-02-14 18:16:02	2018-02-14 18:16:02
65	webgl_custom_attributes_points3.html	webgl	custom	attributes	0	0	NULL	2018-02-14 18:16:02	2018-02-14 18:16:02
66	webgl_materials_skin.html	webgl	materials	skin	0	0	NULL	2018-02-14 18:16:02	2018-02-14 18:16:02
67	canvas_particles_sprites.html	canvas	particles	sprites	0	0	NULL	2018-02-14 18:16:02	2018-02-14 18:16:02
68	webgl_postprocessing_ssao.html	webgl	postprocessing	ssao	0	0	NULL	2018-02-14 18:16:02	2018-02-14 18:16:02
69	webgl_refraction.html	webgl	refraction	NULL	0	0	NULL	2018-02-14 18:16:02	2018-02-14 18:16:02
70	webgl_geometry_colors_lookuptable.html	webgl	geometry	colors	0	0	NULL	2018-02-14 18:16:02	2018-02-14 18:16:02
71	webgl_materials_texture_filters.html	webgl	materials	texture	0	0	NULL	2018-02-14 18:16:02	2018-02-14 18:16:02
72	webgl_loader_collada_kinematics.html	webgl	loader	collada	0	0	NULL	2018-02-14 18:16:02	2018-02-14 18:16:02
73	misc_ubiquity_test2.html	misc	ubiquity	test2	0	0	NULL	2018-02-14 18:16:02	2018-02-14 18:16:02
74	webgl_sprites_nodes.html	webgl	sprites	nodes	0	0	NULL	2018-02-14 18:16:02	2018-02-14 18:16:02
75	webgl_buffergeometry_lines.html	webgl	buffergeometry	lines	0	0	NULL	2018-02-14 18:16:02	2018-02-14 18:16:02
76	canvas_lines.html	canvas	lines	NULL	0	0	NULL	2018-02-14 18:16:02	2018-02-14 18:16:02
77	webgl_lines_cubes.html	webgl	lines	cubes	0	0	NULL	2018-02-14 18:16:02	2018-02-14 18:16:02
78	webgl_terrain_dynamic.html	webgl	terrain	dynamic	0	0	NULL	2018-02-14 18:16:02	2018-02-14 18:16:02
79	webgl_lights_physical.html	webgl	lights	physical	0	0	NULL	2018-02-14 18:16:02	2018-02-14 18:16:02
80	webgl_lights_pointlights.html	webgl	lights	pointlights	0	0	NULL	2018-02-14 18:16:02	2018-02-14 18:16:02
81	webgl_loader_obj2_options.html	webgl	loader	obj2	0	0	NULL	2018-02-14 18:16:02	2018-02-14 18:16:02
82	css3d_molecules.html	css3d	molecules	NULL	0	0	NULL	2018-02-14 18:16:02	2018-02-14 18:16:02
83	webaudio_timing.html	webaudio	timing	NULL	0	0	NULL	2018-02-14 18:16:02	2018-02-14 18:16:02
84	canvas_geometry_terrain.html	canvas	geometry	terrain	0	0	NULL	2018-02-14 18:16:02	2018-02-14 18:16:02
85	webgl_loader_nodes.html	webgl	loader	nodes	0	0	NULL	2018-02-14 18:16:02	2018-02-14 18:16:02
86	webgl_geometry_teapot.html	webgl	geometry	teapot	0	0	NULL	2018-02-14 18:16:02	2018-02-14 18:16:02
87	webgl_loader_json_objconverter.html	webgl	loader	json	0	0	NULL	2018-02-14 18:16:02	2018-02-14 18:16:02
88	webgl_loader_mmd_audio.html	webgl	loader	mmd	0	0	NULL	2018-02-14 18:16:02	2018-02-14 18:16:02
89	webgl_water_flowmap.html	webgl	water	flowmap	0	0	NULL	2018-02-14 18:16:02	2018-02-14 18:16:02
90	webgl_loader_collada.html	webgl	loader	collada	0	0	NULL	2018-02-14 18:16:02	2018-02-14 18:16:02
91	webgl_decals.html	webgl	decals	NULL	0	0	NULL	2018-02-14 18:16:02	2018-02-14 18:16:02
92	webgl_materials_modified.html	webgl	materials	modified	0	0	NULL	2018-02-14 18:16:02	2018-02-14 18:16:02
93	webgl_loader_texture_dds.html	webgl	loader	texture	0	0	NULL	2018-02-14 18:16:02	2018-02-14 18:16:02
94	webgl_geometry_terrain_raycast.html	webgl	geometry	terrain	0	0	NULL	2018-02-14 18:16:02	2018-02-14 18:16:02
95	webgl_materials_video_webcam.html	webgl	materials	video	0	0	NULL	2018-02-14 18:16:02	2018-02-14 18:16:02
96	webgl_points_sprites.html	webgl	points	sprites	0	0	NULL	2018-02-14 18:16:02	2018-02-14 18:16:02
97	webgl_buffergeometry_lines_indexed.html	webgl	buffergeometry	lines	0	0	NULL	2018-02-14 18:16:02	2018-02-14 18:16:02
98	webgl_geometry_hierarchy.html	webgl	geometry	hierarchy	0	0	NULL	2018-02-14 18:16:02	2018-02-14 18:16:02
99	software_sandbox.html	software	sandbox	NULL	0	0	NULL	2018-02-14 18:16:02	2018-02-14 18:16:02
100	webgl_postprocessing_sao.html	webgl	postprocessing	sao	0	0	NULL	2018-02-14 18:16:02	2018-02-14 18:16:02
101	webgl_trails.html	webgl	trails	NULL	0	0	NULL	2018-02-14 18:16:02	2018-02-14 18:16:02
102	webgl_animation_skinning_blending.html	webgl	animation	skinning	0	0	NULL	2018-02-14 18:16:02	2018-02-14 18:16:02
103	webgl_lod.html	webgl	lod	NULL	0	0	NULL	2018-02-14 18:16:02	2018-02-14 18:16:02
104	webgl_morphtargets.html	webgl	morphtargets	NULL	0	0	NULL	2018-02-14 18:16:02	2018-02-14 18:16:02
105	webgl_postprocessing_outline.html	webgl	postprocessing	outline	0	0	NULL	2018-02-14 18:16:02	2018-02-14 18:16:02
106	webgl_kinect.html	webgl	kinect	NULL	0	0	NULL	2018-02-14 18:16:02	2018-02-14 18:16:02
107	webgl_custom_attributes_points2.html	webgl	custom	attributes	0	0	NULL	2018-02-14 18:16:02	2018-02-14 18:16:02
108	software_geometry_earth.html	software	geometry	earth	0	0	NULL	2018-02-14 18:16:02	2018-02-14 18:16:02
109	webgl_loader_texture_hdr.html	webgl	loader	texture	0	0	NULL	2018-02-14 18:16:02	2018-02-14 18:16:02
110	canvas_sandbox.html	canvas	sandbox	NULL	0	0	NULL	2018-02-14 18:16:02	2018-02-14 18:16:02
111	webgl_materials_variations_lambert.html	webgl	materials	variations	0	0	NULL	2018-02-14 18:16:02	2018-02-14 18:16:02
112	webgl_materials_cubemap_dynamic.html	webgl	materials	cubemap	0	0	NULL	2018-02-14 18:16:02	2018-02-14 18:16:02
113	misc_animation_groups.html	misc	animation	groups	0	0	NULL	2018-02-14 18:16:02	2018-02-14 18:16:02
114	webgl_clipping_intersection.html	webgl	clipping	intersection	0	0	NULL	2018-02-14 18:16:02	2018-02-14 18:16:02
115	webgl_buffergeometry_instancing2.html	webgl	buffergeometry	instancing2	0	0	NULL	2018-02-14 18:16:02	2018-02-14 18:16:02
116	canvas_lines_colors_2d.html	canvas	lines	colors	0	0	NULL	2018-02-14 18:16:02	2018-02-14 18:16:02
117	webgl_loader_assimp2json.html	webgl	loader	assimp2json	0	0	NULL	2018-02-14 18:16:02	2018-02-14 18:16:02
118	webgl_postprocessing_pixel.html	webgl	postprocessing	pixel	0	0	NULL	2018-02-14 18:16:02	2018-02-14 18:16:02
119	webgl_camera_cinematic.html	webgl	camera	cinematic	0	0	NULL	2018-02-14 18:16:02	2018-02-14 18:16:02
120	webgl_morphtargets_horse.html	webgl	morphtargets	horse	0	0	NULL	2018-02-14 18:16:02	2018-02-14 18:16:02
121	webgl_skinning_simple.html	webgl	skinning	simple	0	0	NULL	2018-02-14 18:16:02	2018-02-14 18:16:02
122	webgl_materials_variations_basic.html	webgl	materials	variations	0	0	NULL	2018-02-14 18:16:02	2018-02-14 18:16:02
123	webgl_materials_bumpmap.html	webgl	materials	bumpmap	0	0	NULL	2018-02-14 18:16:02	2018-02-14 18:16:02
124	index.html	NULL	NULL	NULL	0	0	NULL	2018-02-14 18:16:02	2018-02-14 18:16:02
125	webgl_test_memory2.html	webgl	test	memory2	0	0	NULL	2018-02-14 18:16:02	2018-02-14 18:16:02
126	webgl_lights_hemisphere.html	webgl	lights	hemisphere	0	0	NULL	2018-02-14 18:16:02	2018-02-14 18:16:02
127	canvas_geometry_cube.html	canvas	geometry	cube	0	0	NULL	2018-02-14 18:16:02	2018-02-14 18:16:02
128	webgl_interactive_cubes.html	webgl	interactive	cubes	0	0	NULL	2018-02-14 18:16:02	2018-02-14 18:16:02
129	webgl_materials_nodes.html	webgl	materials	nodes	0	0	NULL	2018-02-14 18:16:02	2018-02-14 18:16:02
130	webgl_shaders_sky.html	webgl	shaders	sky	0	0	NULL	2018-02-14 18:16:02	2018-02-14 18:16:02
131	webgl_materials_variations_phong.html	webgl	materials	variations	0	0	NULL	2018-02-14 18:16:02	2018-02-14 18:16:02
132	webgl_materials_variations_standard.html	webgl	materials	variations	0	0	NULL	2018-02-14 18:16:02	2018-02-14 18:16:02
133	webgl_geometry_shapes.html	webgl	geometry	shapes	0	0	NULL	2018-02-14 18:16:02	2018-02-14 18:16:02
134	webgl_helpers.html	webgl	helpers	NULL	0	0	NULL	2018-02-14 18:16:02	2018-02-14 18:16:02
135	canvas_geometry_birds.html	canvas	geometry	birds	0	0	NULL	2018-02-14 18:16:02	2018-02-14 18:16:02
136	webgl_loader_json_claraio.html	webgl	loader	json	0	0	NULL	2018-02-14 18:16:02	2018-02-14 18:16:02
137	misc_controls_fly.html	misc	controls	fly	0	0	NULL	2018-02-14 18:16:02	2018-02-14 18:16:02
138	canvas_lights_pointlights.html	canvas	lights	pointlights	0	0	NULL	2018-02-14 18:16:02	2018-02-14 18:16:02
139	webgl_buffergeometry_points_interleaved.html	webgl	buffergeometry	points	0	0	NULL	2018-02-14 18:16:02	2018-02-14 18:16:02
140	webgl_lights_spotlight.html	webgl	lights	spotlight	0	0	NULL	2018-02-14 18:16:02	2018-02-14 18:16:02
141	webgl_materials_variations_physical.html	webgl	materials	variations	0	0	NULL	2018-02-14 18:16:02	2018-02-14 18:16:02
142	webgl_animation_skinning_morph.html	webgl	animation	skinning	0	0	NULL	2018-02-14 18:16:02	2018-02-14 18:16:02
143	webgl_morphnormals.html	webgl	morphnormals	NULL	0	0	NULL	2018-02-14 18:16:02	2018-02-14 18:16:02
144	webgl_physics_cloth.html	webgl	physics	cloth	0	0	NULL	2018-02-14 18:16:02	2018-02-14 18:16:02
145	misc_animation_keys.html	misc	animation	keys	0	0	NULL	2018-02-14 18:16:02	2018-02-14 18:16:02
146	webgl_loader_playcanvas.html	webgl	loader	playcanvas	0	0	NULL	2018-02-14 18:16:02	2018-02-14 18:16:02
147	webgl_materials_cubemap_refraction.html	webgl	materials	cubemap	0	0	NULL	2018-02-14 18:16:02	2018-02-14 18:16:02
148	webgl_performance_doublesided.html	webgl	performance	doublesided	0	0	NULL	2018-02-14 18:16:02	2018-02-14 18:16:02
149	webgl_loader_sea3d_morph.html	webgl	loader	sea3d	0	0	NULL	2018-02-14 18:16:02	2018-02-14 18:16:02
150	webgl_materials_texture_canvas.html	webgl	materials	texture	0	0	NULL	2018-02-14 18:16:02	2018-02-14 18:16:02
151	webgl_raymarching_reflect.html	webgl	raymarching	reflect	0	0	NULL	2018-02-14 18:16:02	2018-02-14 18:16:02
152	webgl_objects_update.html	webgl	objects	update	0	0	NULL	2018-02-14 18:16:02	2018-02-14 18:16:02
153	webgl_loader_sea3d_sound.html	webgl	loader	sea3d	0	0	NULL	2018-02-14 18:16:02	2018-02-14 18:16:02
154	webgl_shaders_ocean2.html	webgl	shaders	ocean2	0	0	NULL	2018-02-14 18:16:02	2018-02-14 18:16:02
155	webgl_performance.html	webgl	performance	NULL	0	0	NULL	2018-02-14 18:16:02	2018-02-14 18:16:02
156	webvr_sandbox.html	webvr	sandbox	NULL	0	0	NULL	2018-02-14 18:16:02	2018-02-14 18:16:02
157	webgl_materials_cubemap_dynamic2.html	webgl	materials	cubemap	0	0	NULL	2018-02-14 18:16:02	2018-02-14 18:16:02
158	webgl_materials_channels.html	webgl	materials	channels	0	0	NULL	2018-02-14 18:16:02	2018-02-14 18:16:02
159	webgl_hdr.html	webgl	hdr	NULL	0	0	NULL	2018-02-14 18:16:02	2018-02-14 18:16:02
160	webgl_buffergeometry_selective_draw.html	webgl	buffergeometry	selective	0	0	NULL	2018-02-14 18:16:02	2018-02-14 18:16:02
161	webvr_vive.html	webvr	vive	NULL	0	0	NULL	2018-02-14 18:16:02	2018-02-14 18:16:02
162	misc_controls_transform.html	misc	controls	transform	0	0	NULL	2018-02-14 18:16:02	2018-02-14 18:16:02
163	canvas_geometry_panorama.html	canvas	geometry	panorama	0	0	NULL	2018-02-14 18:16:02	2018-02-14 18:16:02
164	canvas_materials_normal.html	canvas	materials	normal	0	0	NULL	2018-02-14 18:16:02	2018-02-14 18:16:02
165	webgl_tonemapping.html	webgl	tonemapping	NULL	0	0	NULL	2018-02-14 18:16:02	2018-02-14 18:16:02
166	webgl_octree_raycasting.html	webgl	octree	raycasting	0	0	NULL	2018-02-14 18:16:02	2018-02-14 18:16:02
167	webgl_buffergeometry_constructed_from_geometry.html	webgl	buffergeometry	constructed	0	0	NULL	2018-02-14 18:16:02	2018-02-14 18:16:02
168	webgl_loader_prwm.html	webgl	loader	prwm	0	0	NULL	2018-02-14 18:16:02	2018-02-14 18:16:02
169	webgl_materials_lightmap.html	webgl	materials	lightmap	0	0	NULL	2018-02-14 18:16:02	2018-02-14 18:16:02
170	webgl_shaders_tonemapping.html	webgl	shaders	tonemapping	0	0	NULL	2018-02-14 18:16:02	2018-02-14 18:16:02
171	webgl_octree.html	webgl	octree	NULL	0	0	NULL	2018-02-14 18:16:02	2018-02-14 18:16:02
172	webgl_loader_3mf.html	webgl	loader	3mf	0	0	NULL	2018-02-14 18:16:02	2018-02-14 18:16:02
173	webgl_postprocessing_godrays.html	webgl	postprocessing	godrays	0	0	NULL	2018-02-14 18:16:02	2018-02-14 18:16:02
174	webvr_rollercoaster.html	webvr	rollercoaster	NULL	0	0	NULL	2018-02-14 18:16:02	2018-02-14 18:16:02
175	webgl_loader_vtk.html	webgl	loader	vtk	0	0	NULL	2018-02-14 18:16:03	2018-02-14 18:16:03
176	webgl_effects_stereo.html	webgl	effects	stereo	0	0	NULL	2018-02-14 18:16:03	2018-02-14 18:16:03
177	webgl_rtt.html	webgl	rtt	NULL	0	0	NULL	2018-02-14 18:16:03	2018-02-14 18:16:03
178	webgl_loader_nrrd.html	webgl	loader	nrrd	0	0	NULL	2018-02-14 18:16:03	2018-02-14 18:16:03
179	webgl_lines_splines.html	webgl	lines	splines	0	0	NULL	2018-02-14 18:16:03	2018-02-14 18:16:03
180	webgl_materials_texture_rotation.html	webgl	materials	texture	0	0	NULL	2018-02-14 18:16:03	2018-02-14 18:16:03
181	webgl_shadowmap_pcss.html	webgl	shadowmap	pcss	0	0	NULL	2018-02-14 18:16:03	2018-02-14 18:16:03
182	software_lines_splines.html	software	lines	splines	0	0	NULL	2018-02-14 18:16:03	2018-02-14 18:16:03
183	webvr_video.html	webvr	video	NULL	0	0	NULL	2018-02-14 18:16:03	2018-02-14 18:16:03
184	canvas_ascii_effect.html	canvas	ascii	effect	0	0	NULL	2018-02-14 18:16:03	2018-02-14 18:16:03
185	webgl_loader_obj_mtl.html	webgl	loader	obj	0	0	NULL	2018-02-14 18:16:03	2018-02-14 18:16:03
186	webgl_buffergeometry_uint.html	webgl	buffergeometry	uint	0	0	NULL	2018-02-14 18:16:03	2018-02-14 18:16:03
187	webgl_gpgpu_birds.html	webgl	gpgpu	birds	0	0	NULL	2018-02-14 18:16:03	2018-02-14 18:16:03
188	webgl_gpgpu_protoplanet.html	webgl	gpgpu	protoplanet	0	0	NULL	2018-02-14 18:16:03	2018-02-14 18:16:03
189	webgl_loader_mmd_pose.html	webgl	loader	mmd	0	0	NULL	2018-02-14 18:16:03	2018-02-14 18:16:03
190	webgl_postprocessing_smaa.html	webgl	postprocessing	smaa	0	0	NULL	2018-02-14 18:16:03	2018-02-14 18:16:03
191	webgl_loader_fbx_nurbs.html	webgl	loader	fbx	0	0	NULL	2018-02-14 18:16:03	2018-02-14 18:16:03
192	canvas_geometry_panorama_fisheye.html	canvas	geometry	panorama	0	0	NULL	2018-02-14 18:16:03	2018-02-14 18:16:03
193	webgl_postprocessing_masking.html	webgl	postprocessing	masking	0	0	NULL	2018-02-14 18:16:03	2018-02-14 18:16:03
194	canvas_lines_colors.html	canvas	lines	colors	0	0	NULL	2018-02-14 18:16:03	2018-02-14 18:16:03
195	webgl_interactive_raycasting_points.html	webgl	interactive	raycasting	0	0	NULL	2018-02-14 18:16:03	2018-02-14 18:16:03
196	webgl_materials_parallaxmap.html	webgl	materials	parallaxmap	0	0	NULL	2018-02-14 18:16:03	2018-02-14 18:16:03
197	webgl_postprocessing_glitch.html	webgl	postprocessing	glitch	0	0	NULL	2018-02-14 18:16:03	2018-02-14 18:16:03
198	webgl_loader_json_blender.html	webgl	loader	json	0	0	NULL	2018-02-14 18:16:03	2018-02-14 18:16:03
199	webgl_loader_imagebitmap.html	webgl	loader	imagebitmap	0	0	NULL	2018-02-14 18:16:03	2018-02-14 18:16:03
200	webgl_geometry_nurbs.html	webgl	geometry	nurbs	0	0	NULL	2018-02-14 18:16:03	2018-02-14 18:16:03
201	css3d_sprites.html	css3d	sprites	NULL	0	0	NULL	2018-02-14 18:16:03	2018-02-14 18:16:03
202	webgl_materials_texture_manualmipmap.html	webgl	materials	texture	0	0	NULL	2018-02-14 18:16:03	2018-02-14 18:16:03
203	webgl_materials_variations_toon.html	webgl	materials	variations	0	0	NULL	2018-02-14 18:16:03	2018-02-14 18:16:03
204	webgl_geometry_terrain.html	webgl	geometry	terrain	0	0	NULL	2018-02-14 18:16:03	2018-02-14 18:16:03
205	webgl_interactive_buffergeometry.html	webgl	interactive	buffergeometry	0	0	NULL	2018-02-14 18:16:03	2018-02-14 18:16:03
206	webgl_interactive_points.html	webgl	interactive	points	0	0	NULL	2018-02-14 18:16:03	2018-02-14 18:16:03
207	webgl_materials_bumpmap_skin.html	webgl	materials	bumpmap	0	0	NULL	2018-02-14 18:16:03	2018-02-14 18:16:03
208	webgl_loader_gcode.html	webgl	loader	gcode	0	0	NULL	2018-02-14 18:16:03	2018-02-14 18:16:03
209	webgl_loader_gltf.html	webgl	loader	gltf	0	0	NULL	2018-02-14 18:16:03	2018-02-14 18:16:03
210	canvas_particles_random.html	canvas	particles	random	0	0	NULL	2018-02-14 18:16:03	2018-02-14 18:16:03
211	webgl_mirror_nodes.html	webgl	mirror	nodes	0	0	NULL	2018-02-14 18:16:03	2018-02-14 18:16:03
212	webgl_framebuffer_texture.html	webgl	framebuffer	texture	0	0	NULL	2018-02-14 18:16:03	2018-02-14 18:16:03
213	webgl_materials_cubemap_balls_reflection.html	webgl	materials	cubemap	0	0	NULL	2018-02-14 18:16:03	2018-02-14 18:16:03
214	webgl_loader_stl.html	webgl	loader	stl	0	0	NULL	2018-02-14 18:16:03	2018-02-14 18:16:03
215	webgl_lights_rectarealight.html	webgl	lights	rectarealight	0	0	NULL	2018-02-14 18:16:03	2018-02-14 18:16:03
216	webgl_loader_fbx.html	webgl	loader	fbx	0	0	NULL	2018-02-14 18:16:03	2018-02-14 18:16:03
217	webgl_physics_volume.html	webgl	physics	volume	0	0	NULL	2018-02-14 18:16:03	2018-02-14 18:16:03
218	css3d_sandbox.html	css3d	sandbox	NULL	0	0	NULL	2018-02-14 18:16:03	2018-02-14 18:16:03
219	misc_uv_tests.html	misc	uv	tests	0	0	NULL	2018-02-14 18:16:03	2018-02-14 18:16:03
220	webgl_simple_gi.html	webgl	simple	gi	0	0	NULL	2018-02-14 18:16:03	2018-02-14 18:16:03
221	webgl_materials_shaders_fresnel.html	webgl	materials	shaders	0	0	NULL	2018-02-14 18:16:03	2018-02-14 18:16:03
222	webgl_geometry_dynamic.html	webgl	geometry	dynamic	0	0	NULL	2018-02-14 18:16:03	2018-02-14 18:16:03
223	webgl_materials_compile.html	webgl	materials	compile	0	0	NULL	2018-02-14 18:16:03	2018-02-14 18:16:03
224	misc_exporter_gltf.html	misc	exporter	gltf	0	0	NULL	2018-02-14 18:16:03	2018-02-14 18:16:03
225	webgl_loader_msgpack.html	webgl	loader	msgpack	0	0	NULL	2018-02-14 18:16:03	2018-02-14 18:16:03
226	webgl_tiled_forward.html	webgl	tiled	forward	0	0	NULL	2018-02-14 18:16:03	2018-02-14 18:16:03
227	webgl_geometry_text_shapes.html	webgl	geometry	text	0	0	NULL	2018-02-14 18:16:03	2018-02-14 18:16:03
228	webgl_loader_ttf.html	webgl	loader	ttf	0	0	NULL	2018-02-14 18:16:03	2018-02-14 18:16:03
229	webgl_materials_envmaps_hdr.html	webgl	materials	envmaps	0	0	NULL	2018-02-14 18:16:03	2018-02-14 18:16:03
230	canvas_morphtargets_horse.html	canvas	morphtargets	horse	0	0	NULL	2018-02-14 18:16:03	2018-02-14 18:16:03
231	webgl_geometry_colors.html	webgl	geometry	colors	0	0	NULL	2018-02-14 18:16:03	2018-02-14 18:16:03
232	webgl_buffergeometry_points.html	webgl	buffergeometry	points	0	0	NULL	2018-02-14 18:16:03	2018-02-14 18:16:03
233	webgl_shadowmap_pointlight.html	webgl	shadowmap	pointlight	0	0	NULL	2018-02-14 18:16:03	2018-02-14 18:16:03
234	webgl_custom_attributes_lines.html	webgl	custom	attributes	0	0	NULL	2018-02-14 18:16:03	2018-02-14 18:16:03
235	canvas_geometry_nurbs.html	canvas	geometry	nurbs	0	0	NULL	2018-02-14 18:16:03	2018-02-14 18:16:03
236	webgl_animation_keyframes_json.html	webgl	animation	keyframes	0	0	NULL	2018-02-14 18:16:03	2018-02-14 18:16:03
237	webgl_multiple_canvases_circle.html	webgl	multiple	canvases	0	0	NULL	2018-02-14 18:16:03	2018-02-14 18:16:03
238	canvas_particles_floor.html	canvas	particles	floor	0	0	NULL	2018-02-14 18:16:03	2018-02-14 18:16:03
239	misc_ubiquity_test.html	misc	ubiquity	test	0	0	NULL	2018-02-14 18:16:03	2018-02-14 18:16:03
240	webgl_materials_cubemap.html	webgl	materials	cubemap	0	0	NULL	2018-02-14 18:16:03	2018-02-14 18:16:03
241	canvas_lines_dashed.html	canvas	lines	dashed	0	0	NULL	2018-02-14 18:16:03	2018-02-14 18:16:03
242	webgl_panorama_equirectangular.html	webgl	panorama	equirectangular	0	0	NULL	2018-02-14 18:16:03	2018-02-14 18:16:03
243	webgl_points_random.html	webgl	points	random	0	0	NULL	2018-02-14 18:16:03	2018-02-14 18:16:03
244	canvas_interactive_cubes_tween.html	canvas	interactive	cubes	0	0	NULL	2018-02-14 18:16:03	2018-02-14 18:16:03
245	misc_controls_pointerlock.html	misc	controls	pointerlock	0	0	NULL	2018-02-14 18:16:03	2018-02-14 18:16:03
246	webgl_loader_ctm.html	webgl	loader	ctm	0	0	NULL	2018-02-14 18:16:03	2018-02-14 18:16:03
247	webgl_physics_terrain.html	webgl	physics	terrain	0	0	NULL	2018-02-14 18:16:03	2018-02-14 18:16:03
248	webgl_nearestneighbour.html	webgl	nearestneighbour	NULL	0	0	NULL	2018-02-14 18:16:03	2018-02-14 18:16:03
249	css3d_youtube.html	css3d	youtube	NULL	0	0	NULL	2018-02-14 18:16:03	2018-02-14 18:16:03
250	webgl_lensflares.html	webgl	lensflares	NULL	0	0	NULL	2018-02-14 18:16:03	2018-02-14 18:16:03
251	webgl_postprocessing_backgrounds.html	webgl	postprocessing	backgrounds	0	0	NULL	2018-02-14 18:16:03	2018-02-14 18:16:03
252	webgl_postprocessing_dof2.html	webgl	postprocessing	dof2	0	0	NULL	2018-02-14 18:16:03	2018-02-14 18:16:03
253	webgl_geometry_colors_blender.html	webgl	geometry	colors	0	0	NULL	2018-02-14 18:16:03	2018-02-14 18:16:03
254	webgl_loader_kmz.html	webgl	loader	kmz	0	0	NULL	2018-02-14 18:16:03	2018-02-14 18:16:03
255	webgl_loader_md2_control.html	webgl	loader	md2	0	0	NULL	2018-02-14 18:16:03	2018-02-14 18:16:03
256	webgl_loader_obj.html	webgl	loader	obj	0	0	NULL	2018-02-14 18:16:03	2018-02-14 18:16:03
257	webgl_gpu_particle_system.html	webgl	gpu	particle	0	0	NULL	2018-02-14 18:16:03	2018-02-14 18:16:03
258	canvas_geometry_text.html	canvas	geometry	text	0	0	NULL	2018-02-14 18:16:03	2018-02-14 18:16:03
259	webgl_camera.html	webgl	camera	NULL	0	0	NULL	2018-02-14 18:16:03	2018-02-14 18:16:03
260	webgl_geometry_cube.html	webgl	geometry	cube	0	0	NULL	2018-02-14 18:16:03	2018-02-14 18:16:03
261	webgl_postprocessing_taa.html	webgl	postprocessing	taa	0	0	NULL	2018-02-14 18:16:03	2018-02-14 18:16:03
262	webgl_read_float_buffer.html	webgl	read	float	0	0	NULL	2018-02-14 18:16:03	2018-02-14 18:16:03
263	webgl_materials_grass.html	webgl	materials	grass	0	0	NULL	2018-02-14 18:16:03	2018-02-14 18:16:03
264	webgl_shaders_ocean.html	webgl	shaders	ocean	0	0	NULL	2018-02-14 18:16:03	2018-02-14 18:16:03
265	svg_lines.html	svg	lines	NULL	0	0	NULL	2018-02-14 18:16:03	2018-02-14 18:16:03
266	webgl_loader_sea3d.html	webgl	loader	sea3d	0	0	NULL	2018-02-14 18:16:03	2018-02-14 18:16:03
267	webgl_panorama_cube.html	webgl	panorama	cube	0	0	NULL	2018-02-14 18:16:03	2018-02-14 18:16:03
268	webgl_loader_texture_tga.html	webgl	loader	texture	0	0	NULL	2018-02-14 18:16:03	2018-02-14 18:16:03
269	webgl_postprocessing_fxaa.html	webgl	postprocessing	fxaa	0	0	NULL	2018-02-14 18:16:03	2018-02-14 18:16:03
270	software_lines_colors.html	software	lines	colors	0	0	NULL	2018-02-14 18:16:03	2018-02-14 18:16:03
271	webgl_loader_sea3d_hierarchy.html	webgl	loader	sea3d	0	0	NULL	2018-02-14 18:16:03	2018-02-14 18:16:03
272	webgl_loader_pdb.html	webgl	loader	pdb	0	0	NULL	2018-02-14 18:16:03	2018-02-14 18:16:03
273	webgl_postprocessing_sobel.html	webgl	postprocessing	sobel	0	0	NULL	2018-02-14 18:16:03	2018-02-14 18:16:03
274	webgl_loader_obj2_meshspray.html	webgl	loader	obj2	0	0	NULL	2018-02-14 18:16:03	2018-02-14 18:16:03
275	webgl_loader_draco.html	webgl	loader	draco	0	0	NULL	2018-02-14 18:16:03	2018-02-14 18:16:03
276	webgl_shadowmesh.html	webgl	shadowmesh	NULL	0	0	NULL	2018-02-14 18:16:03	2018-02-14 18:16:03
277	webgl_geometry_normals.html	webgl	geometry	normals	0	0	NULL	2018-02-14 18:16:03	2018-02-14 18:16:03
278	webgl_custom_attributes_points.html	webgl	custom	attributes	0	0	NULL	2018-02-14 18:16:03	2018-02-14 18:16:03
279	webgl_morphtargets_sphere.html	webgl	morphtargets	sphere	0	0	NULL	2018-02-14 18:16:03	2018-02-14 18:16:03
280	webgl_shadowmap.html	webgl	shadowmap	NULL	0	0	NULL	2018-02-14 18:16:03	2018-02-14 18:16:03
281	webgl_materials_blending_custom.html	webgl	materials	blending	0	0	NULL	2018-02-14 18:16:03	2018-02-14 18:16:03
282	raytracing_sandbox.html	raytracing	sandbox	NULL	0	0	NULL	2018-02-14 18:16:03	2018-02-14 18:16:03
283	webgl_loader_3ds.html	webgl	loader	3ds	0	0	NULL	2018-02-14 18:16:03	2018-02-14 18:16:03
284	webgl_loader_amf.html	webgl	loader	amf	0	0	NULL	2018-02-14 18:16:03	2018-02-14 18:16:03
285	canvas_geometry_earth.html	canvas	geometry	earth	0	0	NULL	2018-02-14 18:16:03	2018-02-14 18:16:03
286	webgl_modifier_tessellation.html	webgl	modifier	tessellation	0	0	NULL	2018-02-14 18:16:03	2018-02-14 18:16:03
287	webaudio_visualizer.html	webaudio	visualizer	NULL	0	0	NULL	2018-02-14 18:16:03	2018-02-14 18:16:03
288	webgl_animation_cloth.html	webgl	animation	cloth	0	0	NULL	2018-02-14 18:16:03	2018-02-14 18:16:03
289	webgl_depth_texture.html	webgl	depth	texture	0	0	NULL	2018-02-14 18:16:03	2018-02-14 18:16:03
290	webgl_postprocessing_crossfade.html	webgl	postprocessing	crossfade	0	0	NULL	2018-02-14 18:16:03	2018-02-14 18:16:03
291	webgl_geometry_convex.html	webgl	geometry	convex	0	0	NULL	2018-02-14 18:16:03	2018-02-14 18:16:03
292	webgl_camera_logarithmicdepthbuffer.html	webgl	camera	logarithmicdepthbuffer	0	0	NULL	2018-02-14 18:16:03	2018-02-14 18:16:03
293	css3d_periodictable.html	css3d	periodictable	NULL	0	0	NULL	2018-02-14 18:16:03	2018-02-14 18:16:03
294	webgl_shading_physical.html	webgl	shading	physical	0	0	NULL	2018-02-14 18:16:03	2018-02-14 18:16:03
295	webgl_buffergeometry_rawshader.html	webgl	buffergeometry	rawshader	0	0	NULL	2018-02-14 18:16:03	2018-02-14 18:16:03
296	webgldeferred_animation.html	webgldeferred	animation	NULL	0	0	NULL	2018-02-14 18:16:03	2018-02-14 18:16:03
297	webgl_shader2.html	webgl	shader2	NULL	0	0	NULL	2018-02-14 18:16:03	2018-02-14 18:16:03
298	software_lines_cubes.html	software	lines	cubes	0	0	NULL	2018-02-14 18:16:03	2018-02-14 18:16:03
299	webgl_clipping.html	webgl	clipping	NULL	0	0	NULL	2018-02-14 18:16:03	2018-02-14 18:16:03
300	misc_controls_deviceorientation.html	misc	controls	deviceorientation	0	0	NULL	2018-02-14 18:16:03	2018-02-14 18:16:03
301	webgl_loader_assimp.html	webgl	loader	assimp	0	0	NULL	2018-02-14 18:16:03	2018-02-14 18:16:03
302	webgl_shader_lava.html	webgl	shader	lava	0	0	NULL	2018-02-14 18:16:03	2018-02-14 18:16:03
303	webgl_loader_ply.html	webgl	loader	ply	0	0	NULL	2018-02-14 18:16:03	2018-02-14 18:16:03
304	canvas_particles_waves.html	canvas	particles	waves	0	0	NULL	2018-02-14 18:16:03	2018-02-14 18:16:03
305	webgl_geometry_hierarchy2.html	webgl	geometry	hierarchy2	0	0	NULL	2018-02-14 18:16:03	2018-02-14 18:16:03
306	webgl_lines_dashed.html	webgl	lines	dashed	0	0	NULL	2018-02-14 18:16:03	2018-02-14 18:16:03
307	webgl_loader_sea3d_physics.html	webgl	loader	sea3d	0	0	NULL	2018-02-14 18:16:03	2018-02-14 18:16:03
308	webgl_geometry_spline_editor.html	webgl	geometry	spline	0	0	NULL	2018-02-14 18:16:03	2018-02-14 18:16:03
309	webgl_gpgpu_water.html	webgl	gpgpu	water	0	0	NULL	2018-02-14 18:16:03	2018-02-14 18:16:03
310	webgl_materials_standard.html	webgl	materials	standard	0	0	NULL	2018-02-14 18:16:03	2018-02-14 18:16:03
311	misc_controls_trackball.html	misc	controls	trackball	0	0	NULL	2018-02-14 18:16:03	2018-02-14 18:16:03
312	canvas_camera_orthographic.html	canvas	camera	orthographic	0	0	NULL	2018-02-14 18:16:03	2018-02-14 18:16:03
313	webgl_morphtargets_human.html	webgl	morphtargets	human	0	0	NULL	2018-02-14 18:16:03	2018-02-14 18:16:03
314	software_lines_sphere.html	software	lines	sphere	0	0	NULL	2018-02-14 18:16:03	2018-02-14 18:16:03
315	webgl_interactive_cubes_gpu.html	webgl	interactive	cubes	0	0	NULL	2018-02-14 18:16:03	2018-02-14 18:16:03
316	canvas_materials_video.html	canvas	materials	video	0	0	NULL	2018-02-14 18:16:03	2018-02-14 18:16:03
317	webvr_vive_dragging.html	webvr	vive	dragging	0	0	NULL	2018-02-14 18:16:03	2018-02-14 18:16:03
318	webgl_geometry_minecraft.html	webgl	geometry	minecraft	0	0	NULL	2018-02-14 18:16:03	2018-02-14 18:16:03
319	webgl_effects_parallaxbarrier.html	webgl	effects	parallaxbarrier	0	0	NULL	2018-02-14 18:16:03	2018-02-14 18:16:03
320	webgl_modifier_subdivision.html	webgl	modifier	subdivision	0	0	NULL	2018-02-14 18:16:03	2018-02-14 18:16:03
321	webgl_animation_scene.html	webgl	animation	scene	0	0	NULL	2018-02-14 18:16:03	2018-02-14 18:16:03
322	webgl_buffergeometry_drawcalls.html	webgl	buffergeometry	drawcalls	0	0	NULL	2018-02-14 18:16:03	2018-02-14 18:16:03
323	webgl_loader_texture_pvrtc.html	webgl	loader	texture	0	0	NULL	2018-02-14 18:16:03	2018-02-14 18:16:03
324	webgl_postprocessing.html	webgl	postprocessing	NULL	0	0	NULL	2018-02-14 18:16:03	2018-02-14 18:16:03
325	webgl_multiple_canvases_complex.html	webgl	multiple	canvases	0	0	NULL	2018-02-14 18:16:03	2018-02-14 18:16:03
326	webgl_mirror.html	webgl	mirror	NULL	0	0	NULL	2018-02-14 18:16:03	2018-02-14 18:16:03
327	webgl_lights_spotlights.html	webgl	lights	spotlights	0	0	NULL	2018-02-14 18:16:03	2018-02-14 18:16:03
328	misc_animation_authoring.html	misc	animation	authoring	0	0	NULL	2018-02-14 18:16:03	2018-02-14 18:16:03
329	webgl_interactive_voxelpainter.html	webgl	interactive	voxelpainter	0	0	NULL	2018-02-14 18:16:03	2018-02-14 18:16:03
330	webgl_materials_texture_anisotropy.html	webgl	materials	texture	0	0	NULL	2018-02-14 18:16:03	2018-02-14 18:16:03
331	webgl2_sandbox.html	webgl2	sandbox	NULL	0	0	NULL	2018-02-14 18:16:03	2018-02-14 18:16:03
332	webvr_vive_sculpt.html	webvr	vive	sculpt	0	0	NULL	2018-02-14 18:16:03	2018-02-14 18:16:03
333	webgl_water.html	webgl	water	NULL	0	0	NULL	2018-02-14 18:16:03	2018-02-14 18:16:03
334	webgl_multiple_views.html	webgl	multiple	views	0	0	NULL	2018-02-14 18:16:03	2018-02-14 18:16:03
335	webgl_points_billboards.html	webgl	points	billboards	0	0	NULL	2018-02-14 18:16:03	2018-02-14 18:16:03
336	webgl_loader_x.html	webgl	loader	x	0	0	NULL	2018-02-14 18:16:03	2018-02-14 18:16:03
337	webgl_loader_obj2_run_director.html	webgl	loader	obj2	0	0	NULL	2018-02-14 18:16:03	2018-02-14 18:16:03
338	webgl_materials.html	webgl	materials	NULL	0	0	NULL	2018-02-14 18:16:03	2018-02-14 18:16:03
339	webgl_buffergeometry_instancing_dynamic.html	webgl	buffergeometry	instancing	0	0	NULL	2018-02-14 18:16:03	2018-02-14 18:16:03
340	canvas_materials_reflection.html	canvas	materials	reflection	0	0	NULL	2018-02-14 18:16:03	2018-02-14 18:16:03
341	webgl_materials_displacementmap.html	webgl	materials	displacementmap	0	0	NULL	2018-02-14 18:16:03	2018-02-14 18:16:03
342	webgl_effects_peppersghost.html	webgl	effects	peppersghost	0	0	NULL	2018-02-14 18:16:03	2018-02-14 18:16:03
343	webgl_loader_awd.html	webgl	loader	awd	0	0	NULL	2018-02-14 18:16:03	2018-02-14 18:16:03
344	webgl_loader_sea3d_keyframe.html	webgl	loader	sea3d	0	0	NULL	2018-02-14 18:16:03	2018-02-14 18:16:03
345	webgl_points_billboards_colors.html	webgl	points	billboards	0	0	NULL	2018-02-14 18:16:03	2018-02-14 18:16:03
346	webgl_video_panorama_equirectangular.html	webgl	video	panorama	0	0	NULL	2018-02-14 18:16:03	2018-02-14 18:16:03
347	webgl_modifier_simplifier.html	webgl	modifier	simplifier	0	0	NULL	2018-02-14 18:16:03	2018-02-14 18:16:03
348	webgl_shaders_vector.html	webgl	shaders	vector	0	0	NULL	2018-02-14 18:16:03	2018-02-14 18:16:03
349	webgl_shadowmap_performance.html	webgl	shadowmap	performance	0	0	NULL	2018-02-14 18:16:03	2018-02-14 18:16:03
350	webgl_postprocessing_ssaa_unbiased.html	webgl	postprocessing	ssaa	0	0	NULL	2018-02-14 18:16:03	2018-02-14 18:16:03
351	webgl_interactive_draggablecubes.html	webgl	interactive	draggablecubes	0	0	NULL	2018-02-14 18:16:03	2018-02-14 18:16:03
352	webgl_loader_vrml.html	webgl	loader	vrml	0	0	NULL	2018-02-14 18:16:03	2018-02-14 18:16:03
353	webgl_loader_pcd.html	webgl	loader	pcd	0	0	NULL	2018-02-14 18:16:03	2018-02-14 18:16:03
354	webgl_shadowmap_viewer.html	webgl	shadowmap	viewer	0	0	NULL	2018-02-14 18:16:03	2018-02-14 18:16:03
355	webgl_shader.html	webgl	shader	NULL	0	0	NULL	2018-02-14 18:16:03	2018-02-14 18:16:03
356	webgl_interactive_instances_gpu.html	webgl	interactive	instances	0	0	NULL	2018-02-14 18:16:03	2018-02-14 18:16:03
357	webgl_geometries_parametric.html	webgl	geometries	parametric	0	0	NULL	2018-02-14 18:16:03	2018-02-14 18:16:03
358	css3d_panorama_deviceorientation.html	css3d	panorama	deviceorientation	0	0	NULL	2018-02-14 18:16:03	2018-02-14 18:16:03
359	webgl_multiple_canvases_grid.html	webgl	multiple	canvases	0	0	NULL	2018-02-14 18:16:03	2018-02-14 18:16:03
360	webgl_geometry_extrude_shapes2.html	webgl	geometry	extrude	0	0	NULL	2018-02-14 18:16:03	2018-02-14 18:16:03
361	webgl_geometry_extrude_shapes.html	webgl	geometry	extrude	0	0	NULL	2018-02-14 18:16:03	2018-02-14 18:16:03
362	webgl_multiple_renderers.html	webgl	multiple	renderers	0	0	NULL	2018-02-14 18:16:03	2018-02-14 18:16:03
363	webvr_cubes.html	webvr	cubes	NULL	0	0	NULL	2018-02-14 18:16:03	2018-02-14 18:16:03
364	webgl_geometry_text.html	webgl	geometry	text	0	0	NULL	2018-02-14 18:16:03	2018-02-14 18:16:03
365	webgl_materials_reflectivity.html	webgl	materials	reflectivity	0	0	NULL	2018-02-14 18:16:03	2018-02-14 18:16:03
366	webgl_materials_transparency.html	webgl	materials	transparency	0	0	NULL	2018-02-14 18:16:03	2018-02-14 18:16:03
367	misc_lights_test.html	misc	lights	test	0	0	NULL	2018-02-14 18:16:03	2018-02-14 18:16:03
368	webgl_postprocessing_procedural.html	webgl	postprocessing	procedural	0	0	NULL	2018-02-14 18:16:03	2018-02-14 18:16:03
369	webgl_lines_sphere.html	webgl	lines	sphere	0	0	NULL	2018-02-14 18:16:03	2018-02-14 18:16:03
370	webgl_geometry_minecraft_ao.html	webgl	geometry	minecraft	0	0	NULL	2018-02-14 18:16:03	2018-02-14 18:16:03
371	webgl_effects_anaglyph.html	webgl	effects	anaglyph	0	0	NULL	2018-02-14 18:16:03	2018-02-14 18:16:03
372	webgl_lights_pointlights2.html	webgl	lights	pointlights2	0	0	NULL	2018-02-14 18:16:03	2018-02-14 18:16:03
373	webgl_sprites.html	webgl	sprites	NULL	0	0	NULL	2018-02-14 18:16:03	2018-02-14 18:16:03
374	webgl_postprocessing_advanced.html	webgl	postprocessing	advanced	0	0	NULL	2018-02-14 18:16:03	2018-02-14 18:16:03
375	webgl_interactive_lines.html	webgl	interactive	lines	0	0	NULL	2018-02-14 18:16:03	2018-02-14 18:16:03
376	webgl_custom_attributes.html	webgl	custom	attributes	0	0	NULL	2018-02-14 18:16:03	2018-02-14 18:16:03
377	webgl_materials_cubemap_balls_refraction.html	webgl	materials	cubemap	0	0	NULL	2018-02-14 18:16:03	2018-02-14 18:16:03
